ticker,market_cap,meta_updated_at
MSFT,,2026-10-07T06:34:25.510085+00:00
AAPL,,2026-10-07T06:34:25.510299+00:00
NVDA,,2026-10-07T06:34:25.510438+00:00
AVGO,,2026-10-07T06:34:25.510558+00:00
CRM,,2026-10-07T06:34:25.510671+00:00
CSCO,,2026-10-07T06:34:25.510783+00:00
TXN,,2026-10-07T06:34:25.510890+00:00
AMAT,,2026-10-07T06:34:25.511021+00:00
INTC,,2026-10-07T06:34:25.511144+00:00
BRK.B,,2026-10-07T06:34:25.511245+00:00
JPM,,2026-10-07T06:34:25.511344+00:00
BAC,,2026-10-07T06:34:25.511632+00:00
GS,,2026-10-07T06:34:25.511740+00:00
BLK,,2026-10-07T06:34:25.511836+00:00
V,,2026-10-07T06:34:25.511931+00:00
GOOGL,,2026-10-07T06:34:25.512062+00:00
META,,2026-10-07T06:34:25.512168+00:00
NFLX,,2026-10-07T06:34:25.512263+00:00
TMUS,,2026-10-07T06:34:25.512355+00:00
JNJ,,2026-10-07T06:34:25.512446+00:00
LLY,,2026-10-07T06:34:25.512537+00:00
ABBV,,2026-10-07T06:34:25.512650+00:00
UNH,,2026-10-07T06:34:25.512759+00:00
TMO,,2026-10-07T06:34:25.512854+00:00
ABT,,2026-10-07T06:34:25.512956+00:00
AMZN,,2026-10-07T06:34:25.513097+00:00
TSLA,,2026-10-07T06:34:25.513207+00:00
HD,,2026-10-07T06:34:25.513303+00:00
MCD,,2026-10-07T06:34:25.513398+00:00
BKNG,,2026-10-07T06:34:25.513494+00:00
TJX,,2026-10-07T06:34:25.513591+00:00
CAT,,2026-10-07T06:34:25.513686+00:00
GE,,2026-10-07T06:34:25.513938+00:00
RTX,,2026-10-07T06:34:25.514076+00:00
GEV,,2026-10-07T06:34:25.514179+00:00
UNP,,2026-10-07T06:34:25.514270+00:00
ETN,,2026-10-07T06:34:25.514361+00:00
WMT,,2026-10-07T06:34:25.514450+00:00
COST,,2026-10-07T06:34:25.514538+00:00
PG,,2026-10-07T06:34:25.514625+00:00
KO,,2026-10-07T06:34:25.514714+00:00
PEP,,2026-10-07T06:34:25.514802+00:00
XOM,,2026-10-07T06:34:25.514890+00:00
CVX,,2026-10-07T06:34:25.515017+00:00
SLB,,2026-10-07T06:34:25.515124+00:00
LIN,,2026-10-07T06:34:25.515215+00:00
SHW,,2026-10-07T06:34:25.515305+00:00
FCX,,2026-10-07T06:34:25.515402+00:00
NEE,,2026-10-07T06:34:25.515493+00:00
SO,,2026-10-07T06:34:25.515581+00:00
DUK,,2026-10-07T06:34:25.515668+00:00
PLD,,2026-10-07T06:34:25.515757+00:00
EQIX,,2026-10-07T06:34:25.515857+00:00
WELL,,2026-10-07T06:34:25.516154+00:00
